/*
Navicat MySQL Data Transfer

Source Server         : localhost_3306
Source Server Version : 50522
Source Host           : localhost:3306
Source Database       : p001

Target Server Type    : MYSQL
Target Server Version : 50522
File Encoding         : 65001

Date: 2014-09-01 05:38:31
*/

SET FOREIGN_KEY_CHECKS=0;

-- ----------------------------
-- Table structure for `customer`
-- ----------------------------
DROP TABLE IF EXISTS `customer`;
CREATE TABLE `customer` (
  `idcustomer` int(11) NOT NULL,
  `Name` varchar(45) DEFAULT NULL,
  `Phone1` varchar(45) DEFAULT NULL,
  `Phone2` varchar(45) DEFAULT NULL,
  PRIMARY KEY (`idcustomer`)
) ENGINE=InnoDB DEFAULT CHARSET=latin1;

-- ----------------------------
-- Records of customer
-- ----------------------------
INSERT INTO `customer` VALUES ('0', '0', '0', '0');
INSERT INTO `customer` VALUES ('1', 'anon', '081-00033300', '000-0000000');
INSERT INTO `customer` VALUES ('2', '22', '222', '000-0000000');
INSERT INTO `customer` VALUES ('3', '3434', '3434', '000-0000000');
INSERT INTO `customer` VALUES ('4', 'john smith', '081-999999', '000-0000000');
INSERT INTO `customer` VALUES ('5', 'jhon smith', '081-999999', '000-0000000');
INSERT INTO `customer` VALUES ('6', 'ddg', 'dfgdfg', '000-0000000');
INSERT INTO `customer` VALUES ('7', 'jhon smith', '081-999999', '000-0000000');
INSERT INTO `customer` VALUES ('8', 'rttr', '5435444656', '000-0000000');

-- ----------------------------
-- Table structure for `employee`
-- ----------------------------
DROP TABLE IF EXISTS `employee`;
CREATE TABLE `employee` (
  `idemployee` int(11) NOT NULL,
  `Name` varchar(45) DEFAULT NULL,
  PRIMARY KEY (`idemployee`)
) ENGINE=InnoDB DEFAULT CHARSET=latin1;

-- ----------------------------
-- Records of employee
-- ----------------------------
INSERT INTO `employee` VALUES ('0', 'Admin');

-- ----------------------------
-- Table structure for `items`
-- ----------------------------
DROP TABLE IF EXISTS `items`;
CREATE TABLE `items` (
  `iditems` int(11) NOT NULL,
  `itemsidnpk` int(11) DEFAULT NULL,
  `Code` varchar(45) DEFAULT NULL,
  `Itemdesc` longblob,
  `Qty` varchar(45) DEFAULT NULL,
  `UnitPrice` varchar(45) DEFAULT NULL,
  `Amount` varchar(45) DEFAULT NULL,
  `customer_idcustomer` int(11) NOT NULL,
  `ReportID` int(11) DEFAULT NULL,
  PRIMARY KEY (`iditems`),
  KEY `fk_items_customer1_idx` (`customer_idcustomer`),
  CONSTRAINT `fk_items_customer1` FOREIGN KEY (`customer_idcustomer`) REFERENCES `customer` (`idcustomer`) ON DELETE CASCADE ON UPDATE CASCADE
) ENGINE=InnoDB DEFAULT CHARSET=latin1;

-- ----------------------------
-- Records of items
-- ----------------------------
INSERT INTO `items` VALUES ('0', '0', '0', 0x30, '0', '0', '0', '0', '1');
INSERT INTO `items` VALUES ('1', '1', 'gert', 0x7265742074726574726574, '2', '50.00', '100.00', '1', '2');
INSERT INTO `items` VALUES ('2', '1', 'gert##', 0x7265742074726574726574, '2', '50.00', '100.00', '1', '3');
INSERT INTO `items` VALUES ('3', '2', '22', 0x32323332333233, '22', '33.00', '726.00', '2', '3');
INSERT INTO `items` VALUES ('4', '2', '2233', 0x32323332333233336333323333, '422', '33.00', '13926.00', '2', '3');
INSERT INTO `items` VALUES ('5', '3', '44', 0x333432333433, '32', '44.00', '1408.00', '3', '3');
INSERT INTO `items` VALUES ('6', '3', '44tt', 0x333432333433657266652074, '32', '255.00', '8160.00', '3', '3');
INSERT INTO `items` VALUES ('7', '4', 'dfgdfg', 0x4C6F72656D20697073756D20646F6C6F722073697420616D65742C20636F6E73656374657475722061646970697363696E6720656C69742E204D617572697320747269737469717565206E696268206964207475727069732064696374756D2C2065742066657567696174206D6175726973207472697374697175652E2053757370656E646973736520646170696275732C206D617572697320616320706F72746120766976657272612C20656E696D20746F72746F7220756C747269636573206E69736C2C2073697420616D65742074696E636964756E74206E69736C206E6571756520717569732075726E612E204D616563656E6173207175616D206D657475732C20636F6E7365717561742076656C207661726975732061632C2076756C70757461746520646170696275732075726E612E20566573746962756C756D2076656C20696D70657264696574206E756C6C612C2076656C2066657567696174206C6F72656D2E2041656E65616E20736564206E69736920666575676961742C2068656E647265726974206D61757269732065752C20636F6E64696D656E74756D20697073756D2E204372617320736564207475727069732073697420616D6574206F64696F20756C6C616D636F7270657220636F6E736571756174206E6563207574206573742E20457469616D2061206C6967756C61206174206D61676E6120766976657272612070756C76696E61722075742061206A7573746F2E20566976616D75732066696E696275732070656C6C656E74657371756520766976657272612E2050726F696E206E6563206F7263692065752074757270697320636F6E64696D656E74756D20636F6D6D6F646F206E6F6E206574206E657175652E2043757261626974757220657820657261742C20636F6E6775652065742065726F73207365642C20706F73756572652074656D707573206C696265726F2E204E616D2076756C70757461746520616363756D73616E2072686F6E6375732E, '1', '2.00', '2.00', '6', '6');
INSERT INTO `items` VALUES ('8', '5', '3Au6KB72', 0x4C6F72656D20697073756D20646F6C6F722073697420616D65742C20636F6E73656374657475722061646970697363696E6720656C69742E204D617572697320747269737469717565206E696268206964207475727069732064696374756D2C2065742066657567696174206D6175726973207472697374697175652E2053757370656E646973736520646170696275732C206D617572697320616320706F72746120766976657272612C20656E696D20746F72746F7220756C747269636573206E69736C2C2073697420616D65742074696E636964756E74206E69736C206E6571756520717569732075726E612E204D616563656E6173207175616D206D657475732C20636F6E7365717561742076656C207661726975732061632C2076756C70757461746520646170696275732075726E612E20566573746962756C756D2076656C20696D70657264696574206E756C6C612C2076656C2066657567696174206C6F72656D2E2041656E65616E20736564206E69736920666575676961742C2068656E647265726974206D61757269732065752C20636F6E64696D656E74756D20697073756D2E204372617320736564207475727069732073697420616D6574206F64696F20756C6C616D636F7270657220636F6E736571756174206E6563207574206573742E20457469616D2061206C6967756C61206174206D61676E6120766976657272612070756C76696E61722075742061206A7573746F2E20566976616D75732066696E696275732070656C6C656E74657371756520766976657272612E2050726F696E206E6563206F7263692065752074757270697320636F6E64696D656E74756D20636F6D6D6F646F206E6F6E206574206E657175652E2043757261626974757220657820657261742C20636F6E6775652065742065726F73207365642C20706F73756572652074656D707573206C696265726F2E204E616D2076756C70757461746520616363756D73616E2072686F6E6375732E, '1', '1799.65', '1799.65', '7', '7');
INSERT INTO `items` VALUES ('9', '6', '3545', 0x6674727472676466676466206764666720646667646667646667646667646667, '23', '33.00', '759.00', '8', '8');
INSERT INTO `items` VALUES ('10', '6', '35453', 0x6674727472676466676466206764666720646667646667646667646667646667323232, '23', '33.00', '759.00', '8', '8');

-- ----------------------------
-- Table structure for `login`
-- ----------------------------
DROP TABLE IF EXISTS `login`;
CREATE TABLE `login` (
  `idlogin` int(11) NOT NULL,
  `UserName` varchar(45) DEFAULT NULL,
  `Password` varchar(45) DEFAULT NULL,
  `employee_idemployee` int(11) NOT NULL,
  PRIMARY KEY (`idlogin`,`employee_idemployee`),
  KEY `fk_login_employee_idx` (`employee_idemployee`),
  CONSTRAINT `fk_login_employee` FOREIGN KEY (`employee_idemployee`) REFERENCES `employee` (`idemployee`) ON DELETE CASCADE ON UPDATE CASCADE
) ENGINE=InnoDB DEFAULT CHARSET=latin1;

-- ----------------------------
-- Records of login
-- ----------------------------
INSERT INTO `login` VALUES ('0', 'root', '123', '0');

-- ----------------------------
-- Table structure for `report`
-- ----------------------------
DROP TABLE IF EXISTS `report`;
CREATE TABLE `report` (
  `idreport` int(11) NOT NULL,
  `Reterened` varchar(45) DEFAULT NULL,
  `employee_idemployee` int(11) NOT NULL,
  `customer_idcustomer` int(11) NOT NULL,
  `reportdate` varchar(45) DEFAULT NULL,
  `paymentM` varchar(45) DEFAULT NULL,
  `type` varchar(45) DEFAULT NULL,
  PRIMARY KEY (`idreport`,`employee_idemployee`,`customer_idcustomer`),
  KEY `fk_report_employee1_idx` (`employee_idemployee`),
  KEY `fk_report_customer1_idx` (`customer_idcustomer`),
  CONSTRAINT `fk_report_customer1` FOREIGN KEY (`customer_idcustomer`) REFERENCES `customer` (`idcustomer`) ON DELETE NO ACTION ON UPDATE NO ACTION,
  CONSTRAINT `fk_report_employee1` FOREIGN KEY (`employee_idemployee`) REFERENCES `employee` (`idemployee`) ON DELETE CASCADE ON UPDATE CASCADE
) ENGINE=InnoDB DEFAULT CHARSET=latin1;

-- ----------------------------
-- Records of report
-- ----------------------------
INSERT INTO `report` VALUES ('0', '0', '0', '0', '0', '0', '0');
INSERT INTO `report` VALUES ('1', 'N_A', '0', '1', '2014-08-22', 'cash', 'Service');
INSERT INTO `report` VALUES ('2', 'N_A', '0', '2', '2014-08-22', 'cash', 'Service');
INSERT INTO `report` VALUES ('3', 'N_A', '0', '3', '2014-08-22', 'cash', 'Service');
INSERT INTO `report` VALUES ('4', 'N_A', '0', '4', '2014-08-24', 'cash', 'Service');
INSERT INTO `report` VALUES ('5', 'N_A', '0', '5', '2014-08-24', 'cash', 'Service');
INSERT INTO `report` VALUES ('6', 'N_A', '0', '6', '2014-08-24', 'cash', 'Service');
INSERT INTO `report` VALUES ('7', 'N_A', '0', '7', '2014-08-24', 'cash', 'Service');
INSERT INTO `report` VALUES ('8', 'N_A', '0', '8', '2014-08-30', 'cash', 'Service');
